Layout,Accuracy,Precision_Alarmist,Recall_Alarmist,F1_Alarmist,Precision_Neutral,Recall_Neutral,F1_Neutral,Precision_Reassuring,Recall_Reassuring,F1_Reassuring,Duration_Seconds
minimal_system,0.92,0.6666666666666666,1.0,0.8,1.0,0.9111111111111111,0.9534883720930233,0.5,1.0,0.6666666666666666,324.26901
minimal_question_twice,0.92,1.0,0.5,0.6666666666666666,0.9767441860465116,0.9333333333333333,0.9545454545454545,0.5,1.0,0.6666666666666666,364.082536
minimal_segment_first,0.9,0.5,1.0,0.6666666666666666,1.0,0.8888888888888888,0.9411764705882353,0.5,1.0,0.6666666666666666,338.070428
minimal_json_segment,0.9,1.0,0.5,0.6666666666666666,0.9761904761904762,0.9111111111111111,0.9425287356321839,0.42857142857142855,1.0,0.6,353.89384
minimal_hop_sandwich,0.86,0.2857142857142857,1.0,0.4444444444444445,1.0,0.8444444444444444,0.9156626506024096,0.6,1.0,0.7499999999999999,323.711128
minimal_parallel_criteria,0.84,0.5,0.5,0.5,0.9743589743589743,0.8444444444444444,0.9047619047619048,0.3333333333333333,1.0,0.5,328.907611
